{"sample": 2.0876234567653364, "sample_index": 2.036658723103373, "start": 2.000123482001455, "end": 2.0009586054679245, "centre_2d_x": 1.9059807179354087, "centre_2d_y": 2.1105922101533903, "bb_2d_br_x": 1.8767335909849021, "bb_2d_br_y": 2.138302524535977, "bb_2d_tl_x": 1.841848471098476, "bb_2d_tl_y": 2.153396234003424, "centre_3d_x": 1.8624787590145107, "centre_3d_y": 1.7837123668463954, "centre_3d_z": 1.9703811128237094, "bb_3d_brb_x": 1.9182513555326657, "bb_3d_brb_y": 1.998597664442676, "bb_3d_brb_z": 2.0089945653725785, "bb_3d_flt_x": 1.9246876248926448, "bb_3d_flt_y": 1.8591151010484723, "bb_3d_flt_z": 2.0223604597543416, "acceleration_x": 1.749890253209231, "acceleration_y": 1.9917216381134346, "acceleration_z": 1.7700431003556614, "acceleration_Kitchen_AP": 1.8095781393567023, "acceleration_Lounge_AP": 2.082551495722163, "acceleration_Upstairs_AP": 1.8127856642356392, "acceleration_Study_AP": 1.911075753600974, "pir_bath": 2.0404554961020485, "pir_bed1": 2.063587281090474, "pir_bed2": 1.9631624755106474, "pir_hall": 2.0807126966136242, "pir_kitchen": 1.9961422988545825, "pir_living": 2.002452055961765, "pir_stairs": 2.0360788455483507, "pir_study": 2.0852274197584006, "pir_toilet": 2.0544318176849545}