{"2D Centers": 1.9065583234990549, "Bounding Boxes 2D": 1.8688011804693623, "3D Centers": 1.7480673238373639, "Bounding Boxes 3D": 1.734194348647929, "Acceleration": 1.6175229509867597, "Room Specific Acceleration": 1.679992978858669, "PIR": 1.6209987497817704}